{"cameraMode":{"drawMode":0,"name":"Shaded","section":"Shading Mode"},"sceneLighting":false,"audioPlay":false,"sceneViewState":{"showFog":true,"showMaterialUpdate":false,"showSkybox":false,"showFlares":true,"showImageEffects":true,"showParticleSystems":true},"in2DMode":false,"pivot":{"x":3.1014115810394289,"y":-2.260100841522217,"z":-2.150707960128784},"rotation":{"x":0.17474164068698884,"y":0.7570813894271851,"z":-0.22501447796821595,"w":0.5879344344139099},"size":1.3397825956344605,"orthographic":true}