{"cameraMode":{"drawMode":0,"name":"Shaded","section":"Shading Mode"},"sceneLighting":true,"audioPlay":false,"sceneViewState":{"showFog":true,"showMaterialUpdate":false,"showSkybox":false,"showFlares":true,"showImageEffects":true,"showParticleSystems":true},"in2DMode":false,"pivot":{"x":-2.033449172973633,"y":2.506680488586426,"z":2.4812355041503908},"rotation":{"x":0.08050268888473511,"y":-0.6444043517112732,"z":0.06849739700555802,"w":0.7573461532592773},"size":79.46681213378906,"orthographic":false}