{"cameraMode":{"drawMode":0,"name":"Shaded","section":"Shading Mode"},"sceneLighting":true,"audioPlay":false,"sceneViewState":{"showFog":true,"showMaterialUpdate":false,"showSkybox":false,"showFlares":true,"showImageEffects":true,"showParticleSystems":true},"in2DMode":false,"pivot":{"x":3.01364803314209,"y":-2.59651780128479,"z":3.239755153656006},"rotation":{"x":0.2362145334482193,"y":0.34758466482162478,"z":-0.09094049036502838,"w":0.9028398990631104},"size":6.38995885848999,"orthographic":false}