{"cameraMode":{"drawMode":0,"name":"Shaded","section":"Shading Mode"},"sceneLighting":false,"audioPlay":false,"sceneViewState":{"showFog":true,"showMaterialUpdate":false,"showSkybox":false,"showFlares":true,"showImageEffects":true,"showParticleSystems":true},"in2DMode":false,"pivot":{"x":6.611248970031738,"y":-2.5214405059814455,"z":-1.9695754051208497},"rotation":{"x":0.29317179322242739,"y":-0.3507421314716339,"z":0.11662151664495468,"w":0.8817203640937805},"size":1.92057204246521,"orthographic":false}