{"cameraMode":{"drawMode":0,"name":"Shaded","section":"Shading Mode"},"sceneLighting":false,"audioPlay":false,"sceneViewState":{"showFog":true,"showMaterialUpdate":false,"showSkybox":false,"showFlares":true,"showImageEffects":true,"showParticleSystems":true},"in2DMode":false,"pivot":{"x":11.449999809265137,"y":1.4079999923706055,"z":1.440999984741211},"rotation":{"x":0.28135547041893008,"y":-0.07876887917518616,"z":0.023178590461611749,"w":0.9560893177986145},"size":1.920571208000183,"orthographic":false}