{"cameraMode":{"drawMode":0,"name":"Shaded","section":"Shading Mode"},"sceneLighting":false,"audioPlay":false,"sceneViewState":{"showFog":true,"showMaterialUpdate":false,"showSkybox":true,"showFlares":true,"showImageEffects":true,"showParticleSystems":true},"in2DMode":false,"pivot":{"x":10.500679016113282,"y":-6.459012985229492,"z":15.095484733581543},"rotation":{"x":0.28135547041893008,"y":-0.07876887917518616,"z":0.023178590461611749,"w":0.9560893177986145},"size":23.92310333251953,"orthographic":false}